{"cameraMode":{"drawMode":0,"name":"Shaded","section":"Shading Mode"},"sceneLighting":false,"audioPlay":false,"sceneViewState":{"m_AlwaysRefresh":false,"showFog":true,"showSkybox":false,"showFlares":true,"showImageEffects":true,"showParticleSystems":true,"showVisualEffectGraphs":true,"m_FxEnabled":true},"in2DMode":false,"pivot":{"x":5.300000190734863,"y":0.06000036746263504,"z":-2.9802322387695315e-8},"rotation":{"x":-0.5078201293945313,"y":-0.0627194419503212,"z":0.036033038049936298,"w":-0.8586840033531189},"size":0.4253300428390503,"orthographic":false}