{"cameraMode":{"drawMode":0,"name":"Shaded","section":"Shading Mode"},"sceneLighting":false,"audioPlay":false,"sceneViewState":{"m_AlwaysRefresh":false,"showFog":true,"showSkybox":false,"showFlares":true,"showImageEffects":true,"showParticleSystems":true,"showVisualEffectGraphs":true,"m_FxEnabled":true},"in2DMode":false,"pivot":{"x":-0.0000029206275939941408,"y":0.17543140053749085,"z":-0.34143775701522829},"rotation":{"x":0.5422416925430298,"y":0.0010713969822973014,"z":-0.0000673170798108913,"w":0.8404079079627991},"size":1.6734908819198609,"orthographic":false}