{"cameraMode":{"drawMode":0,"name":"Shaded","section":"Shading Mode"},"sceneLighting":false,"audioPlay":false,"sceneViewState":{"m_AlwaysRefresh":false,"showFog":true,"showSkybox":false,"showFlares":true,"showImageEffects":true,"showParticleSystems":true,"showVisualEffectGraphs":true,"m_FxEnabled":true},"in2DMode":false,"pivot":{"x":-1.1920928955078126e-7,"y":0.17627380788326264,"z":-0.15392202138900758},"rotation":{"x":0.626075267791748,"y":0.012285604141652584,"z":-0.009644666686654091,"w":0.7797732353210449},"size":1.6154371500015259,"orthographic":false}