{"cameraMode":{"drawMode":0,"name":"Shaded","section":"Shading Mode"},"sceneLighting":false,"audioPlay":false,"sceneViewState":{"showFog":true,"showMaterialUpdate":false,"showSkybox":false,"showFlares":true,"showImageEffects":true,"showParticleSystems":true},"in2DMode":false,"pivot":{"x":0.0000019073486328125,"y":0.6796737909317017,"z":-0.444751501083374},"rotation":{"x":-0.005338020622730255,"y":0.9794564247131348,"z":-0.1998816579580307,"w":-0.026156671345233918},"size":2.7014691829681398,"orthographic":false}