{"cameraMode":{"drawMode":0,"name":"Shaded","section":"Shading Mode"},"sceneLighting":false,"audioPlay":false,"sceneViewState":{"showFog":true,"showMaterialUpdate":false,"showSkybox":true,"showFlares":true,"showImageEffects":true,"showParticleSystems":true},"in2DMode":false,"pivot":{"x":-0.7041101455688477,"y":-7.751043319702148,"z":9.520820617675782},"rotation":{"x":0.0007918333285488188,"y":-0.7003606557846069,"z":0.7139394283294678,"w":0.0004937669727951288},"size":14.706645011901856,"orthographic":false}